{"cameraMode":{"drawMode":0,"name":"Shaded","section":"Shading Mode"},"sceneLighting":true,"audioPlay":false,"sceneViewState":{"m_AlwaysRefresh":false,"showFog":true,"showSkybox":true,"showFlares":true,"showImageEffects":true,"showParticleSystems":true,"showVisualEffectGraphs":true,"m_FxEnabled":true},"in2DMode":false,"pivot":{"x":-0.35996103286743166,"y":6.808112621307373,"z":0.05102193355560303},"rotation":{"x":0.357230007648468,"y":-0.011207963339984417,"z":0.004285834264010191,"w":0.9339509606361389},"size":0.8364998698234558,"orthographic":false}